[
    {
        "model": "core.organization",
        "pk": 1,
        "fields": {
            "name": "Test-Team",
            "description": ""
        }
    },
    {
        "model": "core.organization",
        "pk": 2,
        "fields": {
            "name": "Versuchsverbund",
            "description": ""
        }
    },
    {
        "model": "core.organization",
        "pk": 3,
        "fields": {
            "name": "HPI School of Entrepreneurship",
            "description": "Zusätzlich zu einer erstklassigen universitären Ausbildung möchte das Hasso-Plattner-Institut (HPI) seine Studierenden und Wissenschaftler ermutigen, neue Geschäftsideen als Unternehmer umzusetzen. Dazu werden alle Entrepreneurship-Angebote des HPI in der HPI School of Entrepreneurship gebündelt."
        }
    },
    {
        "model": "core.membership",
        "pk": 4,
        "fields": {
            "role": "O",
            "user": 2,
            "organization": 1
        }
    },
    {
        "model": "core.membership",
        "pk": 5,
        "fields": {
            "role": "O",
            "user": 3,
            "organization": 2
        }
    },
    {
        "model": "core.membership",
        "pk": 6,
        "fields": {
            "role": "A",
            "user": 4,
            "organization": 2
        }
    },
    {
        "model": "core.membership",
        "pk": 7,
        "fields": {
            "role": "A",
            "user": 5,
            "organization": 1
        }
    },
    {
        "model": "core.membership",
        "pk": 8,
        "fields": {
            "role": "I",
            "user": 6,
            "organization": 2
        }
    },
    {
        "model": "core.membership",
        "pk": 9,
        "fields": {
            "role": "I",
            "user": 6,
            "organization": 1
        }
    },
    {
        "model": "core.membership",
        "pk": 15,
        "fields": {
            "role": "O",
            "user": 7,
            "organization": 2
        }
    },
    {
        "model": "core.membership",
        "pk": 17,
        "fields": {
            "role": "O",
            "user": 2,
            "organization": 3
        }
    },
    {
        "model": "core.membership",
        "pk": 16,
        "fields": {
            "role": "A",
            "user": 7,
            "organization": 1
        }
    },
    {
        "model": "core.address",
        "pk": 1,
        "fields": {
            "street1": "Teststraße 1",
            "street2": null,
            "zip": "12345",
            "city": "Teststadt"
        }
    },
    {
        "model": "core.address",
        "pk": 2,
        "fields": {
            "street1": "Versuchsweg 7",
            "street2": null,
            "zip": "98765",
            "city": "Versuchsdorf"
        }
    },
    {
        "model": "core.address",
        "pk": 3,
        "fields": {
            "street1": "Prüfplatz 37",
            "street2": null,
            "zip": "88888",
            "city": "Prüfburg"
        }
    },
    {
        "model": "core.address",
        "pk": 4,
        "fields": {
            "street1": "Rudolf-Breitscheid-Str. 189",
            "street2": "HPI Campus III",
            "zip": "14482",
            "city": "Potsdam"
        }
    },
    {
        "model": "core.site",
        "pk": 1,
        "fields": {
            "name": "Test-Site",
            "description": "",
            "address": 1,
            "operated_by": 1
        }
    },
    {
        "model": "core.site",
        "pk": 2,
        "fields": {
            "name": "Versuchs-Site",
            "description": "",
            "address": 2,
            "operated_by": 2
        }
    },
    {
        "model": "core.site",
        "pk": 3,
        "fields": {
            "name": "Prüf-Site",
            "description": "",
            "address": 3,
            "operated_by": 2
        }
    },
    {
        "model": "core.site",
        "pk": 4,
        "fields": {
            "name": "HPI School of Entrepreneurship",
            "description": "",
            "address": 4,
            "operated_by": 3
        }
    },
    {
        "model": "core.room",
        "pk": 1,
        "fields": {
            "name": "Testraum 1",
            "description": "",
            "size_sqm": "147.0",
            "height_m": "4.8",
            "max_occupancy": 11,
            "site": 1
        }
    },
    {
        "model": "core.room",
        "pk": 2,
        "fields": {
            "name": "Testraum 2",
            "description": "",
            "size_sqm": "43.0",
            "height_m": "3.1",
            "max_occupancy": 8,
            "site": 1
        }
    },
    {
        "model": "core.room",
        "pk": 3,
        "fields": {
            "name": "Versuchsraum 1",
            "description": "",
            "size_sqm": "33.0",
            "height_m": "2.5",
            "max_occupancy": 17,
            "site": 2
        }
    },
    {
        "model": "core.room",
        "pk": 4,
        "fields": {
            "name": "Prüfstube",
            "description": "",
            "size_sqm": "19.0",
            "height_m": "2.6",
            "max_occupancy": 4,
            "site": 3
        }
    },
    {
        "model": "core.roomnodeinstallation",
        "pk": 1,
        "fields": {
            "node": "c727b2f8-8377-d4cb-0e95-ac03200b8c93",
            "room": 2,
            "from_timestamp_s": 1600300800,
            "to_timestamp_s": 2147483647,
            "description": ""
        }
    },
    {
        "model": "core.roomnodeinstallation",
        "pk": 2,
        "fields": {
            "node": "3b95a1b2-74e7-9e98-52c4-4acae441f0ae",
            "room": 3,
            "from_timestamp_s": 1601510400,
            "to_timestamp_s": 1602720000,
            "description": ""
        }
    },
    {
        "model": "core.roomnodeinstallation",
        "pk": 3,
        "fields": {
            "node": "3b95a1b2-74e7-9e98-52c4-4acae441f0ae",
            "room": 4,
            "from_timestamp_s": 1602720001,
            "to_timestamp_s": 2147483647,
            "description": ""
        }
    },
    {
        "model": "core.quantity",
        "pk": 1,
        "fields": {
            "quantity": "CO2",
            "base_unit": "PPM"
        }
    },
    {
        "model": "core.quantity",
        "pk": 2,
        "fields": {
            "quantity": "Temperature",
            "base_unit": "°C"
        }
    },
    {
        "model": "core.quantity",
        "pk": 3,
        "fields": {
            "quantity": "Relative Humidity",
            "base_unit": "%"
        }
    },
    {
        "model": "core.nodeprotocol",
        "pk": 1,
        "fields": {
            "identifier": "CLAIRCHENPROT_V01",
            "num_uplink_msgs": 1,
            "num_downlink_msgs": 0
        }
    },
    {
        "model": "core.nodeprotocol",
        "pk": 2,
        "fields": {
            "identifier": "ELSYSERSPROT_V01",
            "num_uplink_msgs": 1,
            "num_downlink_msgs": 0
        }
    },
    {
        "model": "core.nodemodel",
        "pk": 1,
        "fields": {
            "name": "CLAIRCHEN_PROTOTYPE_01",
            "trade_name": "Clairchen Mark 1",
            "manufacturer": "Clairchen Enterprises",
            "sensor_type": "Sensirion SCD30",
            "quantities": [
                1,
                2,
                3
            ]
        }
    },
    {
        "model": "core.nodemodel",
        "pk": 2,
        "fields": {
            "name": "ELSYS_ERS_CO2",
            "trade_name": "ElSys ERS CO2",
            "manufacturer": "Elektroniksystem i Umeå AB",
            "sensor_type": "Sensair LP8",
            "quantities": [
                1,
                2,
                3
            ]
        }
    },
    {
        "model": "core.node",
        "pk": "3b95a1b2-74e7-9e98-52c4-4acae441f0ae",
        "fields": {
            "device_id": "003CB7EA62A7DCBB",
            "alias": "Clairchen Schwarz",
            "protocol": 1,
            "model": 1,
            "owner": 2
        }
    },
    {
        "model": "core.node",
        "pk": "9d02faee-4260-1377-22ec-936428b572ee",
        "fields": {
            "device_id": "A81758FFFE052B0F",
            "alias": "ERS Test-Node",
            "protocol": 2,
            "model": 2,
            "owner": 2
        }
    },
    {
        "model": "core.node",
        "pk": "c727b2f8-8377-d4cb-0e95-ac03200b8c93",
        "fields": {
            "device_id": "9876B600001193E0",
            "alias": "Clairchen Rot",
            "protocol": 1,
            "model": 1,
            "owner": 1
        }
    },
    {
        "model": "core.node",
        "pk": "f40f528b-9d0e-c2be-38fc-962f8757e531",
        "fields": {
            "device_id": "a81758fffe053cab",
            "alias": "hpi-a81758fffe053cab",
            "protocol": 2,
            "model": 2,
            "owner": 3
        }
    },
    {
        "model": "core.node",
        "pk": "cd8e32d5-a17f-915e-9cb7-5d401a550312",
        "fields": {
            "device_id": "a81758fffe053cae",
            "alias": "hpi-a81758fffe053cae",
            "protocol": 2,
            "model": 2,
            "owner": 3
        }
    },
    {
        "model": "core.node",
        "pk": "9f9f30bd-d8a6-0269-cf9e-f377d02986c4",
        "fields": {
            "device_id": "a81758fffe053cac",
            "alias": "hpi-a81758fffe053cac",
            "protocol": 2,
            "model": 2,
            "owner": 3
        }
    },
    {
        "model": "core.node",
        "pk": "7f255730-b7bc-cc51-248f-71152d2edd79",
        "fields": {
            "device_id": "a81758fffe053cad",
            "alias": "hpi-a81758fffe053cad",
            "protocol": 2,
            "model": 2,
            "owner": 3
        }
    },
    {
        "model": "core.node",
        "pk": "6fbb3d55-c86b-e021-3ec3-b45425d5b1ba",
        "fields": {
            "device_id": "a81758fffe053c13",
            "alias": "hpi-a81758fffe053c13",
            "protocol": 2,
            "model": 2,
            "owner": 3
        }
    },
    {
        "model": "core.node",
        "pk": "0cc5e5eb-93ad-a18f-bbfe-ef7f36c62ff8",
        "fields": {
            "device_id": "a81758fffe053c14",
            "alias": "hpi-a81758fffe053c14",
            "protocol": 2,
            "model": 2,
            "owner": 3
        }
    }
]